{"cameraMode":{"drawMode":0,"name":"Shaded","section":"Shading Mode"},"sceneLighting":false,"audioPlay":false,"sceneViewState":{"showFog":true,"showMaterialUpdate":false,"showSkybox":true,"showFlares":true,"showImageEffects":true,"showParticleSystems":true},"in2DMode":false,"pivot":{"x":0.3138027787208557,"y":1.073465347290039,"z":1.665818214416504},"rotation":{"x":0.24238955974578858,"y":-0.2081836462020874,"z":0.05333758890628815,"w":0.9460771679878235},"size":8.855545997619629,"orthographic":false}